"GHO (CODE)","GHO (DISPLAY)","GHO (URL)","PUBLISHSTATE (CODE)","PUBLISHSTATE (DISPLAY)","PUBLISHSTATE (URL)","YEAR (CODE)","YEAR (DISPLAY)","YEAR (URL)","REGION (CODE)","REGION (DISPLAY)","REGION (URL)","COUNTRY (CODE)","COUNTRY (DISPLAY)","COUNTRY (URL)","Display Value","Numeric","Low","High","StdErr","StdDev","Comments"
"MALARIA_IRS_COVERAGE","Number of people protected from malaria by indoor residual spraying (IRS)","https://www.who.int/data/gho/indicator-metadata-registry/imr-details/2244","PUBLISHED","Published","","2018","2018","","AFR","Africa","","AGO","Angola","","","","","","","",""
"MALARIA_IRS_COVERAGE","Number of people protected from malaria by indoor residual spraying (IRS)","https://www.who.int/data/gho/indicator-metadata-registry/imr-details/2244","PUBLISHED","Published","","2019","2019","","AFR","Africa","","AGO","Angola","","","","","","","",""
"MALARIA_IRS_COVERAGE","Number of people protected from malaria by indoor residual spraying (IRS)","https://www.who.int/data/gho/indicator-metadata-registry/imr-details/2244","PUBLISHED","Published","","2020","2020","","AFR","Africa","","AGO","Angola","","44 633","44633.00000","","","","",""
"MALARIA_IRS_COVERAGE","Number of people protected from malaria by indoor residual spraying (IRS)","https://www.who.int/data/gho/indicator-metadata-registry/imr-details/2244","PUBLISHED","Published","","2018","2018","","AFR","Africa","","BDI","Burundi","","1 754 679","1754679.00000","","","","",""
"MALARIA_IRS_COVERAGE","Number of people protected from malaria by indoor residual spraying (IRS)","https://www.who.int/data/gho/indicator-metadata-registry/imr-details/2244","PUBLISHED","Published","","2019","2019","","AFR","Africa","","BDI","Burundi","","725 449","725449.00000","","","","",""
"MALARIA_IRS_COVERAGE","Number of people protected from malaria by indoor residual spraying (IRS)","https://www.who.int/data/gho/indicator-metadata-registry/imr-details/2244","PUBLISHED","Published","","2020","2020","","AFR","Africa","","BDI","Burundi","","1 243 848","1243848.00000","","","","",""
"MALARIA_IRS_COVERAGE","Number of people protected from malaria by indoor residual spraying (IRS)","https://www.who.int/data/gho/indicator-metadata-registry/imr-details/2244","PUBLISHED","Published","","2018","2018","","AFR","Africa","","BEN","Benin","","1 321 758","1321758.00000","","","","",""
"MALARIA_IRS_COVERAGE","Number of people protected from malaria by indoor residual spraying (IRS)","https://www.who.int/data/gho/indicator-metadata-registry/imr-details/2244","PUBLISHED","Published","","2019","2019","","AFR","Africa","","BEN","Benin","","1 077 411","1077411.00000","","","","",""
"MALARIA_IRS_COVERAGE","Number of people protected from malaria by indoor residual spraying (IRS)","https://www.who.int/data/gho/indicator-metadata-registry/imr-details/2244","PUBLISHED","Published","","2020","2020","","AFR","Africa","","BEN","Benin","","1 104 928","1104928.00000","","","","",""
"MALARIA_IRS_COVERAGE","Number of people protected from malaria by indoor residual spraying (IRS)","https://www.who.int/data/gho/indicator-metadata-registry/imr-details/2244","PUBLISHED","Published","","2018","2018","","AFR","Africa","","BFA","Burkina Faso","","766 374","766374.00000","","","","",""
"MALARIA_IRS_COVERAGE","Number of people protected from malaria by indoor residual spraying (IRS)","https://www.who.int/data/gho/indicator-metadata-registry/imr-details/2244","PUBLISHED","Published","","2019","2019","","AFR","Africa","","BFA","Burkina Faso","","587 248","587248.00000","","","","",""
"MALARIA_IRS_COVERAGE","Number of people protected from malaria by indoor residual spraying (IRS)","https://www.who.int/data/gho/indicator-metadata-registry/imr-details/2244","PUBLISHED","Published","","2020","2020","","AFR","Africa","","BFA","Burkina Faso","","508 017","508017.00000","","","","",""
"MALARIA_IRS_COVERAGE","Number of people protected from malaria by indoor residual spraying (IRS)","https://www.who.int/data/gho/indicator-metadata-registry/imr-details/2244","PUBLISHED","Published","","2018","2018","","AFR","Africa","","BWA","Botswana","","83 488","83488.00000","","","","",""
"MALARIA_IRS_COVERAGE","Number of people protected from malaria by indoor residual spraying (IRS)","https://www.who.int/data/gho/indicator-metadata-registry/imr-details/2244","PUBLISHED","Published","","2019","2019","","AFR","Africa","","BWA","Botswana","","154 663","154663.00000","","","","",""
"MALARIA_IRS_COVERAGE","Number of people protected from malaria by indoor residual spraying (IRS)","https://www.who.int/data/gho/indicator-metadata-registry/imr-details/2244","PUBLISHED","Published","","2020","2020","","AFR","Africa","","BWA","Botswana","","152 560","152560.00000","","","","",""
"MALARIA_IRS_COVERAGE","Number of people protected from malaria by indoor residual spraying (IRS)","https://www.who.int/data/gho/indicator-metadata-registry/imr-details/2244","PUBLISHED","Published","","2018","2018","","AFR","Africa","","CAF","Central African Republic","","","","","","","",""
"MALARIA_IRS_COVERAGE","Number of people protected from malaria by indoor residual spraying (IRS)","https://www.who.int/data/gho/indicator-metadata-registry/imr-details/2244","PUBLISHED","Published","","2019","2019","","AFR","Africa","","CAF","Central African Republic","","","","","","","",""
"MALARIA_IRS_COVERAGE","Number of people protected from malaria by indoor residual spraying (IRS)","https://www.who.int/data/gho/indicator-metadata-registry/imr-details/2244","PUBLISHED","Published","","2020","2020","","AFR","Africa","","CAF","Central African Republic","","","","","","","",""
"MALARIA_IRS_COVERAGE","Number of people protected from malaria by indoor residual spraying (IRS)","https://www.who.int/data/gho/indicator-metadata-registry/imr-details/2244","PUBLISHED","Published","","2018","2018","","AFR","Africa","","CIV","Cote d'Ivoire","","","","","","","",""
"MALARIA_IRS_COVERAGE","Number of people protected from malaria by indoor residual spraying (IRS)","https://www.who.int/data/gho/indicator-metadata-registry/imr-details/2244","PUBLISHED","Published","","2019","2019","","AFR","Africa","","CIV","Cote d'Ivoire","","","","","","","",""
"MALARIA_IRS_COVERAGE","Number of people protected from malaria by indoor residual spraying (IRS)","https://www.who.int/data/gho/indicator-metadata-registry/imr-details/2244","PUBLISHED","Published","","2020","2020","","AFR","Africa","","CIV","Cote d'Ivoire","","193 935","193935.00000","","","","",""
"MALARIA_IRS_COVERAGE","Number of people protected from malaria by indoor residual spraying (IRS)","https://www.who.int/data/gho/indicator-metadata-registry/imr-details/2244","PUBLISHED","Published","","2018","2018","","AFR","Africa","","CMR","Cameroon","","","","","","","",""
"MALARIA_IRS_COVERAGE","Number of people protected from malaria by indoor residual spraying (IRS)","https://www.who.int/data/gho/indicator-metadata-registry/imr-details/2244","PUBLISHED","Published","","2019","2019","","AFR","Africa","","CMR","Cameroon","","","","","","","",""
"MALARIA_IRS_COVERAGE","Number of people protected from malaria by indoor residual spraying (IRS)","https://www.who.int/data/gho/indicator-metadata-registry/imr-details/2244","PUBLISHED","Published","","2020","2020","","AFR","Africa","","CMR","Cameroon","","","","","","","",""
"MALARIA_IRS_COVERAGE","Number of people protected from malaria by indoor residual spraying (IRS)","https://www.who.int/data/gho/indicator-metadata-registry/imr-details/2244","PUBLISHED","Published","","2018","2018","","AFR","Africa","","COD","Democratic Republic of the Congo","","111 735","111735.00000","","","","",""
"MALARIA_IRS_COVERAGE","Number of people protected from malaria by indoor residual spraying (IRS)","https://www.who.int/data/gho/indicator-metadata-registry/imr-details/2244","PUBLISHED","Published","","2019","2019","","AFR","Africa","","COD","Democratic Republic of the Congo","","","","","","","",""
"MALARIA_IRS_COVERAGE","Number of people protected from malaria by indoor residual spraying (IRS)","https://www.who.int/data/gho/indicator-metadata-registry/imr-details/2244","PUBLISHED","Published","","2020","2020","","AFR","Africa","","COD","Democratic Republic of the Congo","","","","","","","",""
"MALARIA_IRS_COVERAGE","Number of people protected from malaria by indoor residual spraying (IRS)","https://www.who.int/data/gho/indicator-metadata-registry/imr-details/2244","PUBLISHED","Published","","2018","2018","","AFR","Africa","","COG","Congo","","","","","","","",""
"MALARIA_IRS_COVERAGE","Number of people protected from malaria by indoor residual spraying (IRS)","https://www.who.int/data/gho/indicator-metadata-registry/imr-details/2244","PUBLISHED","Published","","2019","2019","","AFR","Africa","","COG","Congo","","","","","","","",""
"MALARIA_IRS_COVERAGE","Number of people protected from malaria by indoor residual spraying (IRS)","https://www.who.int/data/gho/indicator-metadata-registry/imr-details/2244","PUBLISHED","Published","","2020","2020","","AFR","Africa","","COG","Congo","","","","","","","",""
"MALARIA_IRS_COVERAGE","Number of people protected from malaria by indoor residual spraying (IRS)","https://www.who.int/data/gho/indicator-metadata-registry/imr-details/2244","PUBLISHED","Published","","2018","2018","","AFR","Africa","","COM","Comoros","","","","","","","",""
"MALARIA_IRS_COVERAGE","Number of people protected from malaria by indoor residual spraying (IRS)","https://www.who.int/data/gho/indicator-metadata-registry/imr-details/2244","PUBLISHED","Published","","2019","2019","","AFR","Africa","","COM","Comoros","","","","","","","",""
"MALARIA_IRS_COVERAGE","Number of people protected from malaria by indoor residual spraying (IRS)","https://www.who.int/data/gho/indicator-metadata-registry/imr-details/2244","PUBLISHED","Published","","2020","2020","","AFR","Africa","","COM","Comoros","","57 658","57658.00000","","","","",""
"MALARIA_IRS_COVERAGE","Number of people protected from malaria by indoor residual spraying (IRS)","https://www.who.int/data/gho/indicator-metadata-registry/imr-details/2244","PUBLISHED","Published","","2018","2018","","AFR","Africa","","CPV","Cabo Verde","","","","","","","",""
"MALARIA_IRS_COVERAGE","Number of people protected from malaria by indoor residual spraying (IRS)","https://www.who.int/data/gho/indicator-metadata-registry/imr-details/2244","PUBLISHED","Published","","2019","2019","","AFR","Africa","","CPV","Cabo Verde","","302 520","302520.00000","","","","",""
"MALARIA_IRS_COVERAGE","Number of people protected from malaria by indoor residual spraying (IRS)","https://www.who.int/data/gho/indicator-metadata-registry/imr-details/2244","PUBLISHED","Published","","2020","2020","","AFR","Africa","","CPV","Cabo Verde","","233 171","233171.00000","","","","",""
"MALARIA_IRS_COVERAGE","Number of people protected from malaria by indoor residual spraying (IRS)","https://www.who.int/data/gho/indicator-metadata-registry/imr-details/2244","PUBLISHED","Published","","2018","2018","","AFR","Africa","","DZA","Algeria","","","","","","","",""
"MALARIA_IRS_COVERAGE","Number of people protected from malaria by indoor residual spraying (IRS)","https://www.who.int/data/gho/indicator-metadata-registry/imr-details/2244","PUBLISHED","Published","","2019","2019","","AFR","Africa","","DZA","Algeria","","","","","","","",""
"MALARIA_IRS_COVERAGE","Number of people protected from malaria by indoor residual spraying (IRS)","https://www.who.int/data/gho/indicator-metadata-registry/imr-details/2244","PUBLISHED","Published","","2020","2020","","AFR","Africa","","DZA","Algeria","","","","","","","",""
"MALARIA_IRS_COVERAGE","Number of people protected from malaria by indoor residual spraying (IRS)","https://www.who.int/data/gho/indicator-metadata-registry/imr-details/2244","PUBLISHED","Published","","2018","2018","","AFR","Africa","","ERI","Eritrea","","376 143","376143.00000","","","","",""
"MALARIA_IRS_COVERAGE","Number of people protected from malaria by indoor residual spraying (IRS)","https://www.who.int/data/gho/indicator-metadata-registry/imr-details/2244","PUBLISHED","Published","","2019","2019","","AFR","Africa","","ERI","Eritrea","","437 194","437194.00000","","","","",""
"MALARIA_IRS_COVERAGE","Number of people protected from malaria by indoor residual spraying (IRS)","https://www.who.int/data/gho/indicator-metadata-registry/imr-details/2244","PUBLISHED","Published","","2020","2020","","AFR","Africa","","ERI","Eritrea","","466 238","466238.00000","","","","",""
"MALARIA_IRS_COVERAGE","Number of people protected from malaria by indoor residual spraying (IRS)","https://www.who.int/data/gho/indicator-metadata-registry/imr-details/2244","PUBLISHED","Published","","2018","2018","","AFR","Africa","","ETH","Ethiopia","","10 486 854","10486854.00000","","","","",""
"MALARIA_IRS_COVERAGE","Number of people protected from malaria by indoor residual spraying (IRS)","https://www.who.int/data/gho/indicator-metadata-registry/imr-details/2244","PUBLISHED","Published","","2019","2019","","AFR","Africa","","ETH","Ethiopia","","7 782 034","7782034.00000","","","","",""
"MALARIA_IRS_COVERAGE","Number of people protected from malaria by indoor residual spraying (IRS)","https://www.who.int/data/gho/indicator-metadata-registry/imr-details/2244","PUBLISHED","Published","","2020","2020","","AFR","Africa","","ETH","Ethiopia","","6 349 834","6349834.00000","","","","",""
"MALARIA_IRS_COVERAGE","Number of people protected from malaria by indoor residual spraying (IRS)","https://www.who.int/data/gho/indicator-metadata-registry/imr-details/2244","PUBLISHED","Published","","2018","2018","","AFR","Africa","","GAB","Gabon","","","","","","","",""
"MALARIA_IRS_COVERAGE","Number of people protected from malaria by indoor residual spraying (IRS)","https://www.who.int/data/gho/indicator-metadata-registry/imr-details/2244","PUBLISHED","Published","","2019","2019","","AFR","Africa","","GAB","Gabon","","","","","","","",""
"MALARIA_IRS_COVERAGE","Number of people protected from malaria by indoor residual spraying (IRS)","https://www.who.int/data/gho/indicator-metadata-registry/imr-details/2244","PUBLISHED","Published","","2020","2020","","AFR","Africa","","GAB","Gabon","","","","","","","",""
"MALARIA_IRS_COVERAGE","Number of people protected from malaria by indoor residual spraying (IRS)","https://www.who.int/data/gho/indicator-metadata-registry/imr-details/2244","PUBLISHED","Published","","2018","2018","","AFR","Africa","","GHA","Ghana","","1 855 326","1855326.00000","","","","",""
"MALARIA_IRS_COVERAGE","Number of people protected from malaria by indoor residual spraying (IRS)","https://www.who.int/data/gho/indicator-metadata-registry/imr-details/2244","PUBLISHED","Published","","2019","2019","","AFR","Africa","","GHA","Ghana","","1 986 408","1986408.00000","","","","",""
"MALARIA_IRS_COVERAGE","Number of people protected from malaria by indoor residual spraying (IRS)","https://www.who.int/data/gho/indicator-metadata-registry/imr-details/2244","PUBLISHED","Published","","2020","2020","","AFR","Africa","","GHA","Ghana","","2 214 552","2214552.00000","","","","",""
"MALARIA_IRS_COVERAGE","Number of people protected from malaria by indoor residual spraying (IRS)","https://www.who.int/data/gho/indicator-metadata-registry/imr-details/2244","PUBLISHED","Published","","2018","2018","","AFR","Africa","","GIN","Guinea","","","","","","","",""
"MALARIA_IRS_COVERAGE","Number of people protected from malaria by indoor residual spraying (IRS)","https://www.who.int/data/gho/indicator-metadata-registry/imr-details/2244","PUBLISHED","Published","","2019","2019","","AFR","Africa","","GIN","Guinea","","","","","","","",""
"MALARIA_IRS_COVERAGE","Number of people protected from malaria by indoor residual spraying (IRS)","https://www.who.int/data/gho/indicator-metadata-registry/imr-details/2244","PUBLISHED","Published","","2020","2020","","AFR","Africa","","GIN","Guinea","","","","","","","",""
"MALARIA_IRS_COVERAGE","Number of people protected from malaria by indoor residual spraying (IRS)","https://www.who.int/data/gho/indicator-metadata-registry/imr-details/2244","PUBLISHED","Published","","2018","2018","","AFR","Africa","","GMB","Gambia","","426 788","426788.00000","","","","",""
"MALARIA_IRS_COVERAGE","Number of people protected from malaria by indoor residual spraying (IRS)","https://www.who.int/data/gho/indicator-metadata-registry/imr-details/2244","PUBLISHED","Published","","2019","2019","","AFR","Africa","","GMB","Gambia","","507 872","507872.00000","","","","",""
"MALARIA_IRS_COVERAGE","Number of people protected from malaria by indoor residual spraying (IRS)","https://www.who.int/data/gho/indicator-metadata-registry/imr-details/2244","PUBLISHED","Published","","2020","2020","","AFR","Africa","","GMB","Gambia","","477 032","477032.00000","","","","",""
"MALARIA_IRS_COVERAGE","Number of people protected from malaria by indoor residual spraying (IRS)","https://www.who.int/data/gho/indicator-metadata-registry/imr-details/2244","PUBLISHED","Published","","2018","2018","","AFR","Africa","","GNB","Guinea-Bissau","","","","","","","",""
"MALARIA_IRS_COVERAGE","Number of people protected from malaria by indoor residual spraying (IRS)","https://www.who.int/data/gho/indicator-metadata-registry/imr-details/2244","PUBLISHED","Published","","2019","2019","","AFR","Africa","","GNB","Guinea-Bissau","","","","","","","",""
"MALARIA_IRS_COVERAGE","Number of people protected from malaria by indoor residual spraying (IRS)","https://www.who.int/data/gho/indicator-metadata-registry/imr-details/2244","PUBLISHED","Published","","2020","2020","","AFR","Africa","","GNB","Guinea-Bissau","","","","","","","",""
"MALARIA_IRS_COVERAGE","Number of people protected from malaria by indoor residual spraying (IRS)","https://www.who.int/data/gho/indicator-metadata-registry/imr-details/2244","PUBLISHED","Published","","2018","2018","","AFR","Africa","","GNQ","Equatorial Guinea","","74 416","74416.00000","","","","",""
"MALARIA_IRS_COVERAGE","Number of people protected from malaria by indoor residual spraying (IRS)","https://www.who.int/data/gho/indicator-metadata-registry/imr-details/2244","PUBLISHED","Published","","2019","2019","","AFR","Africa","","GNQ","Equatorial Guinea","","61 561","61561.00000","","","","",""
"MALARIA_IRS_COVERAGE","Number of people protected from malaria by indoor residual spraying (IRS)","https://www.who.int/data/gho/indicator-metadata-registry/imr-details/2244","PUBLISHED","Published","","2020","2020","","AFR","Africa","","GNQ","Equatorial Guinea","","","","","","","",""
"MALARIA_IRS_COVERAGE","Number of people protected from malaria by indoor residual spraying (IRS)","https://www.who.int/data/gho/indicator-metadata-registry/imr-details/2244","PUBLISHED","Published","","2018","2018","","AFR","Africa","","KEN","Kenya","","1 833 860","1833860.00000","","","","",""
"MALARIA_IRS_COVERAGE","Number of people protected from malaria by indoor residual spraying (IRS)","https://www.who.int/data/gho/indicator-metadata-registry/imr-details/2244","PUBLISHED","Published","","2019","2019","","AFR","Africa","","KEN","Kenya","","2 011 860","2011860.00000","","","","",""
"MALARIA_IRS_COVERAGE","Number of people protected from malaria by indoor residual spraying (IRS)","https://www.who.int/data/gho/indicator-metadata-registry/imr-details/2244","PUBLISHED","Published","","2020","2020","","AFR","Africa","","KEN","Kenya","","1 792 495","1792495.00000","","","","",""
"MALARIA_IRS_COVERAGE","Number of people protected from malaria by indoor residual spraying (IRS)","https://www.who.int/data/gho/indicator-metadata-registry/imr-details/2244","PUBLISHED","Published","","2018","2018","","AFR","Africa","","LBR","Liberia","","","","","","","",""
"MALARIA_IRS_COVERAGE","Number of people protected from malaria by indoor residual spraying (IRS)","https://www.who.int/data/gho/indicator-metadata-registry/imr-details/2244","PUBLISHED","Published","","2019","2019","","AFR","Africa","","LBR","Liberia","","","","","","","",""
"MALARIA_IRS_COVERAGE","Number of people protected from malaria by indoor residual spraying (IRS)","https://www.who.int/data/gho/indicator-metadata-registry/imr-details/2244","PUBLISHED","Published","","2020","2020","","AFR","Africa","","LBR","Liberia","","","","","","","",""
"MALARIA_IRS_COVERAGE","Number of people protected from malaria by indoor residual spraying (IRS)","https://www.who.int/data/gho/indicator-metadata-registry/imr-details/2244","PUBLISHED","Published","","2018","2018","","AFR","Africa","","MDG","Madagascar","","","","","","","",""
"MALARIA_IRS_COVERAGE","Number of people protected from malaria by indoor residual spraying (IRS)","https://www.who.int/data/gho/indicator-metadata-registry/imr-details/2244","PUBLISHED","Published","","2019","2019","","AFR","Africa","","MDG","Madagascar","","1 640 183","1640183.00000","","","","",""
"MALARIA_IRS_COVERAGE","Number of people protected from malaria by indoor residual spraying (IRS)","https://www.who.int/data/gho/indicator-metadata-registry/imr-details/2244","PUBLISHED","Published","","2020","2020","","AFR","Africa","","MDG","Madagascar","","981 936","981936.00000","","","","",""
"MALARIA_IRS_COVERAGE","Number of people protected from malaria by indoor residual spraying (IRS)","https://www.who.int/data/gho/indicator-metadata-registry/imr-details/2244","PUBLISHED","Published","","2018","2018","","AFR","Africa","","MLI","Mali","","665 581","665581.00000","","","","",""
"MALARIA_IRS_COVERAGE","Number of people protected from malaria by indoor residual spraying (IRS)","https://www.who.int/data/gho/indicator-metadata-registry/imr-details/2244","PUBLISHED","Published","","2019","2019","","AFR","Africa","","MLI","Mali","","690 793","690793.00000","","","","",""
"MALARIA_IRS_COVERAGE","Number of people protected from malaria by indoor residual spraying (IRS)","https://www.who.int/data/gho/indicator-metadata-registry/imr-details/2244","PUBLISHED","Published","","2020","2020","","AFR","Africa","","MLI","Mali","","503 043","503043.00000","","","","",""
"MALARIA_IRS_COVERAGE","Number of people protected from malaria by indoor residual spraying (IRS)","https://www.who.int/data/gho/indicator-metadata-registry/imr-details/2244","PUBLISHED","Published","","2018","2018","","AFR","Africa","","MOZ","Mozambique","","4 211 138","4211138.00000","","","","",""
"MALARIA_IRS_COVERAGE","Number of people protected from malaria by indoor residual spraying (IRS)","https://www.who.int/data/gho/indicator-metadata-registry/imr-details/2244","PUBLISHED","Published","","2019","2019","","AFR","Africa","","MOZ","Mozambique","","6 303 792","6303792.00000","","","","",""
"MALARIA_IRS_COVERAGE","Number of people protected from malaria by indoor residual spraying (IRS)","https://www.who.int/data/gho/indicator-metadata-registry/imr-details/2244","PUBLISHED","Published","","2020","2020","","AFR","Africa","","MOZ","Mozambique","","6 880 851","6880851.00000","","","","",""
"MALARIA_IRS_COVERAGE","Number of people protected from malaria by indoor residual spraying (IRS)","https://www.who.int/data/gho/indicator-metadata-registry/imr-details/2244","PUBLISHED","Published","","2018","2018","","AFR","Africa","","MRT","Mauritania","","","","","","","",""
"MALARIA_IRS_COVERAGE","Number of people protected from malaria by indoor residual spraying (IRS)","https://www.who.int/data/gho/indicator-metadata-registry/imr-details/2244","PUBLISHED","Published","","2019","2019","","AFR","Africa","","MRT","Mauritania","","","","","","","",""
"MALARIA_IRS_COVERAGE","Number of people protected from malaria by indoor residual spraying (IRS)","https://www.who.int/data/gho/indicator-metadata-registry/imr-details/2244","PUBLISHED","Published","","2020","2020","","AFR","Africa","","MRT","Mauritania","","","","","","","",""
"MALARIA_IRS_COVERAGE","Number of people protected from malaria by indoor residual spraying (IRS)","https://www.who.int/data/gho/indicator-metadata-registry/imr-details/2244","PUBLISHED","Published","","2018","2018","","AFR","Africa","","MWI","Malawi","","","","","","","",""
"MALARIA_IRS_COVERAGE","Number of people protected from malaria by indoor residual spraying (IRS)","https://www.who.int/data/gho/indicator-metadata-registry/imr-details/2244","PUBLISHED","Published","","2019","2019","","AFR","Africa","","MWI","Malawi","","1 456 138","1456138.00000","","","","",""
"MALARIA_IRS_COVERAGE","Number of people protected from malaria by indoor residual spraying (IRS)","https://www.who.int/data/gho/indicator-metadata-registry/imr-details/2244","PUBLISHED","Published","","2020","2020","","AFR","Africa","","MWI","Malawi","","2 379 659","2379659.00000","","","","",""
"MALARIA_IRS_COVERAGE","Number of people protected from malaria by indoor residual spraying (IRS)","https://www.who.int/data/gho/indicator-metadata-registry/imr-details/2244","PUBLISHED","Published","","2018","2018","","AFR","Africa","","NAM","Namibia","","549 243","549243.00000","","","","",""
"MALARIA_IRS_COVERAGE","Number of people protected from malaria by indoor residual spraying (IRS)","https://www.who.int/data/gho/indicator-metadata-registry/imr-details/2244","PUBLISHED","Published","","2019","2019","","AFR","Africa","","NAM","Namibia","","149 306","149306.00000","","","","",""
"MALARIA_IRS_COVERAGE","Number of people protected from malaria by indoor residual spraying (IRS)","https://www.who.int/data/gho/indicator-metadata-registry/imr-details/2244","PUBLISHED","Published","","2020","2020","","AFR","Africa","","NAM","Namibia","","1 017 366","1017366.00000","","","","",""
"MALARIA_IRS_COVERAGE","Number of people protected from malaria by indoor residual spraying (IRS)","https://www.who.int/data/gho/indicator-metadata-registry/imr-details/2244","PUBLISHED","Published","","2018","2018","","AFR","Africa","","NER","Niger","","","","","","","",""
"MALARIA_IRS_COVERAGE","Number of people protected from malaria by indoor residual spraying (IRS)","https://www.who.int/data/gho/indicator-metadata-registry/imr-details/2244","PUBLISHED","Published","","2019","2019","","AFR","Africa","","NER","Niger","","","","","","","",""
"MALARIA_IRS_COVERAGE","Number of people protected from malaria by indoor residual spraying (IRS)","https://www.who.int/data/gho/indicator-metadata-registry/imr-details/2244","PUBLISHED","Published","","2020","2020","","AFR","Africa","","NER","Niger","","","","","","","",""
"MALARIA_IRS_COVERAGE","Number of people protected from malaria by indoor residual spraying (IRS)","https://www.who.int/data/gho/indicator-metadata-registry/imr-details/2244","PUBLISHED","Published","","2018","2018","","AFR","Africa","","NGA","Nigeria","","","","","","","",""
"MALARIA_IRS_COVERAGE","Number of people protected from malaria by indoor residual spraying (IRS)","https://www.who.int/data/gho/indicator-metadata-registry/imr-details/2244","PUBLISHED","Published","","2019","2019","","AFR","Africa","","NGA","Nigeria","","","","","","","",""
"MALARIA_IRS_COVERAGE","Number of people protected from malaria by indoor residual spraying (IRS)","https://www.who.int/data/gho/indicator-metadata-registry/imr-details/2244","PUBLISHED","Published","","2020","2020","","AFR","Africa","","NGA","Nigeria","","","","","","","",""
"MALARIA_IRS_COVERAGE","Number of people protected from malaria by indoor residual spraying (IRS)","https://www.who.int/data/gho/indicator-metadata-registry/imr-details/2244","PUBLISHED","Published","","2018","2018","","AFR","Africa","","RWA","Rwanda","","1 621 955","1621955.00000","","","","",""
"MALARIA_IRS_COVERAGE","Number of people protected from malaria by indoor residual spraying (IRS)","https://www.who.int/data/gho/indicator-metadata-registry/imr-details/2244","PUBLISHED","Published","","2019","2019","","AFR","Africa","","RWA","Rwanda","","4 532 103","4532103.00000","","","","",""
"MALARIA_IRS_COVERAGE","Number of people protected from malaria by indoor residual spraying (IRS)","https://www.who.int/data/gho/indicator-metadata-registry/imr-details/2244","PUBLISHED","Published","","2020","2020","","AFR","Africa","","RWA","Rwanda","","","","","","","",""
"MALARIA_IRS_COVERAGE","Number of people protected from malaria by indoor residual spraying (IRS)","https://www.who.int/data/gho/indicator-metadata-registry/imr-details/2244","PUBLISHED","Published","","2018","2018","","AFR","Africa","","SEN","Senegal","","","","","","","",""
"MALARIA_IRS_COVERAGE","Number of people protected from malaria by indoor residual spraying (IRS)","https://www.who.int/data/gho/indicator-metadata-registry/imr-details/2244","PUBLISHED","Published","","2019","2019","","AFR","Africa","","SEN","Senegal","","51 652","51652.00000","","","","",""
"MALARIA_IRS_COVERAGE","Number of people protected from malaria by indoor residual spraying (IRS)","https://www.who.int/data/gho/indicator-metadata-registry/imr-details/2244","PUBLISHED","Published","","2020","2020","","AFR","Africa","","SEN","Senegal","","793 026","793026.00000","","","","",""
"MALARIA_IRS_COVERAGE","Number of people protected from malaria by indoor residual spraying (IRS)","https://www.who.int/data/gho/indicator-metadata-registry/imr-details/2244","PUBLISHED","Published","","2018","2018","","AFR","Africa","","SLE","Sierra Leone","","","","","","","",""
"MALARIA_IRS_COVERAGE","Number of people protected from malaria by indoor residual spraying (IRS)","https://www.who.int/data/gho/indicator-metadata-registry/imr-details/2244","PUBLISHED","Published","","2019","2019","","AFR","Africa","","SLE","Sierra Leone","","","","","","","",""
"MALARIA_IRS_COVERAGE","Number of people protected from malaria by indoor residual spraying (IRS)","https://www.who.int/data/gho/indicator-metadata-registry/imr-details/2244","PUBLISHED","Published","","2020","2020","","AFR","Africa","","SLE","Sierra Leone","","","","","","","",""
"MALARIA_IRS_COVERAGE","Number of people protected from malaria by indoor residual spraying (IRS)","https://www.who.int/data/gho/indicator-metadata-registry/imr-details/2244","PUBLISHED","Published","","2018","2018","","AFR","Africa","","SSD","South Sudan","","","","","","","",""
"MALARIA_IRS_COVERAGE","Number of people protected from malaria by indoor residual spraying (IRS)","https://www.who.int/data/gho/indicator-metadata-registry/imr-details/2244","PUBLISHED","Published","","2019","2019","","AFR","Africa","","SSD","South Sudan","","344 242","344242.00000","","","","",""
"MALARIA_IRS_COVERAGE","Number of people protected from malaria by indoor residual spraying (IRS)","https://www.who.int/data/gho/indicator-metadata-registry/imr-details/2244","PUBLISHED","Published","","2020","2020","","AFR","Africa","","SSD","South Sudan","","","","","","","",""
"MALARIA_IRS_COVERAGE","Number of people protected from malaria by indoor residual spraying (IRS)","https://www.who.int/data/gho/indicator-metadata-registry/imr-details/2244","PUBLISHED","Published","","2018","2018","","AFR","Africa","","STP","Sao Tome and Principe","","","","","","","",""
"MALARIA_IRS_COVERAGE","Number of people protected from malaria by indoor residual spraying (IRS)","https://www.who.int/data/gho/indicator-metadata-registry/imr-details/2244","PUBLISHED","Published","","2019","2019","","AFR","Africa","","STP","Sao Tome and Principe","","53 401","53401.00000","","","","",""
"MALARIA_IRS_COVERAGE","Number of people protected from malaria by indoor residual spraying (IRS)","https://www.who.int/data/gho/indicator-metadata-registry/imr-details/2244","PUBLISHED","Published","","2020","2020","","AFR","Africa","","STP","Sao Tome and Principe","","69 902","69902.00000","","","","",""
"MALARIA_IRS_COVERAGE","Number of people protected from malaria by indoor residual spraying (IRS)","https://www.who.int/data/gho/indicator-metadata-registry/imr-details/2244","PUBLISHED","Published","","2018","2018","","AFR","Africa","","SWZ","Eswatini","","39 144","39144.00000","","","","",""
"MALARIA_IRS_COVERAGE","Number of people protected from malaria by indoor residual spraying (IRS)","https://www.who.int/data/gho/indicator-metadata-registry/imr-details/2244","PUBLISHED","Published","","2019","2019","","AFR","Africa","","SWZ","Eswatini","","15 055","15055.00000","","","","",""
"MALARIA_IRS_COVERAGE","Number of people protected from malaria by indoor residual spraying (IRS)","https://www.who.int/data/gho/indicator-metadata-registry/imr-details/2244","PUBLISHED","Published","","2020","2020","","AFR","Africa","","SWZ","Eswatini","","53 517","53517.00000","","","","",""
"MALARIA_IRS_COVERAGE","Number of people protected from malaria by indoor residual spraying (IRS)","https://www.who.int/data/gho/indicator-metadata-registry/imr-details/2244","PUBLISHED","Published","","2018","2018","","AFR","Africa","","TCD","Chad","","","","","","","",""
"MALARIA_IRS_COVERAGE","Number of people protected from malaria by indoor residual spraying (IRS)","https://www.who.int/data/gho/indicator-metadata-registry/imr-details/2244","PUBLISHED","Published","","2019","2019","","AFR","Africa","","TCD","Chad","","","","","","","",""
"MALARIA_IRS_COVERAGE","Number of people protected from malaria by indoor residual spraying (IRS)","https://www.who.int/data/gho/indicator-metadata-registry/imr-details/2244","PUBLISHED","Published","","2020","2020","","AFR","Africa","","TCD","Chad","","1 707 286","1707286.00000","","","","",""
"MALARIA_IRS_COVERAGE","Number of people protected from malaria by indoor residual spraying (IRS)","https://www.who.int/data/gho/indicator-metadata-registry/imr-details/2244","PUBLISHED","Published","","2018","2018","","AFR","Africa","","TGO","Togo","","","","","","","",""
"MALARIA_IRS_COVERAGE","Number of people protected from malaria by indoor residual spraying (IRS)","https://www.who.int/data/gho/indicator-metadata-registry/imr-details/2244","PUBLISHED","Published","","2019","2019","","AFR","Africa","","TGO","Togo","","","","","","","",""
"MALARIA_IRS_COVERAGE","Number of people protected from malaria by indoor residual spraying (IRS)","https://www.who.int/data/gho/indicator-metadata-registry/imr-details/2244","PUBLISHED","Published","","2020","2020","","AFR","Africa","","TGO","Togo","","","","","","","",""
"MALARIA_IRS_COVERAGE","Number of people protected from malaria by indoor residual spraying (IRS)","https://www.who.int/data/gho/indicator-metadata-registry/imr-details/2244","PUBLISHED","Published","","2018","2018","","AFR","Africa","","TZA","United Republic of Tanzania","","2 842 635","2842635.00000","","","","",""
"MALARIA_IRS_COVERAGE","Number of people protected from malaria by indoor residual spraying (IRS)","https://www.who.int/data/gho/indicator-metadata-registry/imr-details/2244","PUBLISHED","Published","","2019","2019","","AFR","Africa","","TZA","United Republic of Tanzania","","2 989 048","2989048.00000","","","","",""
"MALARIA_IRS_COVERAGE","Number of people protected from malaria by indoor residual spraying (IRS)","https://www.who.int/data/gho/indicator-metadata-registry/imr-details/2244","PUBLISHED","Published","","2020","2020","","AFR","Africa","","TZA","United Republic of Tanzania","","2 510 463","2510463.00000","","","","",""
"MALARIA_IRS_COVERAGE","Number of people protected from malaria by indoor residual spraying (IRS)","https://www.who.int/data/gho/indicator-metadata-registry/imr-details/2244","PUBLISHED","Published","","2018","2018","","AFR","Africa","","UGA","Uganda","","4 436 156","4436156.00000","","","","",""
"MALARIA_IRS_COVERAGE","Number of people protected from malaria by indoor residual spraying (IRS)","https://www.who.int/data/gho/indicator-metadata-registry/imr-details/2244","PUBLISHED","Published","","2019","2019","","AFR","Africa","","UGA","Uganda","","4 478 754","4478754.00000","","","","",""
"MALARIA_IRS_COVERAGE","Number of people protected from malaria by indoor residual spraying (IRS)","https://www.who.int/data/gho/indicator-metadata-registry/imr-details/2244","PUBLISHED","Published","","2020","2020","","AFR","Africa","","UGA","Uganda","","4 671 960","4671960.00000","","","","",""
"MALARIA_IRS_COVERAGE","Number of people protected from malaria by indoor residual spraying (IRS)","https://www.who.int/data/gho/indicator-metadata-registry/imr-details/2244","PUBLISHED","Published","","2018","2018","","AFR","Africa","","ZAF","South Africa","","1 600 747","1600747.00000","","","","",""
"MALARIA_IRS_COVERAGE","Number of people protected from malaria by indoor residual spraying (IRS)","https://www.who.int/data/gho/indicator-metadata-registry/imr-details/2244","PUBLISHED","Published","","2019","2019","","AFR","Africa","","ZAF","South Africa","","1 477 420","1477420.00000","","","","",""
"MALARIA_IRS_COVERAGE","Number of people protected from malaria by indoor residual spraying (IRS)","https://www.who.int/data/gho/indicator-metadata-registry/imr-details/2244","PUBLISHED","Published","","2020","2020","","AFR","Africa","","ZAF","South Africa","","1 830 342","1830342.00000","","","","",""
"MALARIA_IRS_COVERAGE","Number of people protected from malaria by indoor residual spraying (IRS)","https://www.who.int/data/gho/indicator-metadata-registry/imr-details/2244","PUBLISHED","Published","","2018","2018","","AFR","Africa","","ZMB","Zambia","","6 436 719","6436719.00000","","","","",""
"MALARIA_IRS_COVERAGE","Number of people protected from malaria by indoor residual spraying (IRS)","https://www.who.int/data/gho/indicator-metadata-registry/imr-details/2244","PUBLISHED","Published","","2019","2019","","AFR","Africa","","ZMB","Zambia","","11 767 404","11767404.00000","","","","",""
"MALARIA_IRS_COVERAGE","Number of people protected from malaria by indoor residual spraying (IRS)","https://www.who.int/data/gho/indicator-metadata-registry/imr-details/2244","PUBLISHED","Published","","2020","2020","","AFR","Africa","","ZMB","Zambia","","11 157 421","11157421.00000","","","","",""
"MALARIA_IRS_COVERAGE","Number of people protected from malaria by indoor residual spraying (IRS)","https://www.who.int/data/gho/indicator-metadata-registry/imr-details/2244","PUBLISHED","Published","","2018","2018","","AFR","Africa","","ZWE","Zimbabwe","","3 020 032","3020032.00000","","","","",""
"MALARIA_IRS_COVERAGE","Number of people protected from malaria by indoor residual spraying (IRS)","https://www.who.int/data/gho/indicator-metadata-registry/imr-details/2244","PUBLISHED","Published","","2019","2019","","AFR","Africa","","ZWE","Zimbabwe","","3 164 344","3164344.00000","","","","",""
"MALARIA_IRS_COVERAGE","Number of people protected from malaria by indoor residual spraying (IRS)","https://www.who.int/data/gho/indicator-metadata-registry/imr-details/2244","PUBLISHED","Published","","2020","2020","","AFR","Africa","","ZWE","Zimbabwe","","3 528 051","3528051.00000","","","","",""
"MALARIA_IRS_COVERAGE","Number of people protected from malaria by indoor residual spraying (IRS)","https://www.who.int/data/gho/indicator-metadata-registry/imr-details/2244","PUBLISHED","Published","","2018","2018","","AMR","Americas","","ARG","Argentina","","155","155.00000","","","","",""
"MALARIA_IRS_COVERAGE","Number of people protected from malaria by indoor residual spraying (IRS)","https://www.who.int/data/gho/indicator-metadata-registry/imr-details/2244","PUBLISHED","Published","","2019","2019","","AMR","Americas","","ARG","Argentina","","","","","","","",""
"MALARIA_IRS_COVERAGE","Number of people protected from malaria by indoor residual spraying (IRS)","https://www.who.int/data/gho/indicator-metadata-registry/imr-details/2244","PUBLISHED","Published","","2020","2020","","AMR","Americas","","ARG","Argentina","","","","","","","",""
"MALARIA_IRS_COVERAGE","Number of people protected from malaria by indoor residual spraying (IRS)","https://www.who.int/data/gho/indicator-metadata-registry/imr-details/2244","PUBLISHED","Published","","2018","2018","","AMR","Americas","","BLZ","Belize","","36 688","36688.00000","","","","",""
"MALARIA_IRS_COVERAGE","Number of people protected from malaria by indoor residual spraying (IRS)","https://www.who.int/data/gho/indicator-metadata-registry/imr-details/2244","PUBLISHED","Published","","2019","2019","","AMR","Americas","","BLZ","Belize","","43 497","43497.00000","","","","",""
"MALARIA_IRS_COVERAGE","Number of people protected from malaria by indoor residual spraying (IRS)","https://www.who.int/data/gho/indicator-metadata-registry/imr-details/2244","PUBLISHED","Published","","2020","2020","","AMR","Americas","","BLZ","Belize","","45 100","45100.00000","","","","",""
"MALARIA_IRS_COVERAGE","Number of people protected from malaria by indoor residual spraying (IRS)","https://www.who.int/data/gho/indicator-metadata-registry/imr-details/2244","PUBLISHED","Published","","2018","2018","","AMR","Americas","","BOL","Bolivia (Plurinational State of)","","2 000","2000.00000","","","","",""
"MALARIA_IRS_COVERAGE","Number of people protected from malaria by indoor residual spraying (IRS)","https://www.who.int/data/gho/indicator-metadata-registry/imr-details/2244","PUBLISHED","Published","","2019","2019","","AMR","Americas","","BOL","Bolivia (Plurinational State of)","","29 228","29228.00000","","","","",""
"MALARIA_IRS_COVERAGE","Number of people protected from malaria by indoor residual spraying (IRS)","https://www.who.int/data/gho/indicator-metadata-registry/imr-details/2244","PUBLISHED","Published","","2020","2020","","AMR","Americas","","BOL","Bolivia (Plurinational State of)","","29 228","29228.00000","","","","",""
"MALARIA_IRS_COVERAGE","Number of people protected from malaria by indoor residual spraying (IRS)","https://www.who.int/data/gho/indicator-metadata-registry/imr-details/2244","PUBLISHED","Published","","2018","2018","","AMR","Americas","","BRA","Brazil","","99 321","99321.00000","","","","",""
"MALARIA_IRS_COVERAGE","Number of people protected from malaria by indoor residual spraying (IRS)","https://www.who.int/data/gho/indicator-metadata-registry/imr-details/2244","PUBLISHED","Published","","2019","2019","","AMR","Americas","","BRA","Brazil","","84 126","84126.00000","","","","",""
"MALARIA_IRS_COVERAGE","Number of people protected from malaria by indoor residual spraying (IRS)","https://www.who.int/data/gho/indicator-metadata-registry/imr-details/2244","PUBLISHED","Published","","2020","2020","","AMR","Americas","","BRA","Brazil","","148 897","148897.00000","","","","",""
"MALARIA_IRS_COVERAGE","Number of people protected from malaria by indoor residual spraying (IRS)","https://www.who.int/data/gho/indicator-metadata-registry/imr-details/2244","PUBLISHED","Published","","2018","2018","","AMR","Americas","","COL","Colombia","","60 000","60000.00000","","","","",""
"MALARIA_IRS_COVERAGE","Number of people protected from malaria by indoor residual spraying (IRS)","https://www.who.int/data/gho/indicator-metadata-registry/imr-details/2244","PUBLISHED","Published","","2019","2019","","AMR","Americas","","COL","Colombia","","143 320","143320.00000","","","","",""
"MALARIA_IRS_COVERAGE","Number of people protected from malaria by indoor residual spraying (IRS)","https://www.who.int/data/gho/indicator-metadata-registry/imr-details/2244","PUBLISHED","Published","","2020","2020","","AMR","Americas","","COL","Colombia","","","","","","","",""
"MALARIA_IRS_COVERAGE","Number of people protected from malaria by indoor residual spraying (IRS)","https://www.who.int/data/gho/indicator-metadata-registry/imr-details/2244","PUBLISHED","Published","","2018","2018","","AMR","Americas","","CRI","Costa Rica","","4 095","4095.00000","","","","",""
"MALARIA_IRS_COVERAGE","Number of people protected from malaria by indoor residual spraying (IRS)","https://www.who.int/data/gho/indicator-metadata-registry/imr-details/2244","PUBLISHED","Published","","2019","2019","","AMR","Americas","","CRI","Costa Rica","","","","","","","",""
"MALARIA_IRS_COVERAGE","Number of people protected from malaria by indoor residual spraying (IRS)","https://www.who.int/data/gho/indicator-metadata-registry/imr-details/2244","PUBLISHED","Published","","2020","2020","","AMR","Americas","","CRI","Costa Rica","","6 895","6895.00000","","","","",""
"MALARIA_IRS_COVERAGE","Number of people protected from malaria by indoor residual spraying (IRS)","https://www.who.int/data/gho/indicator-metadata-registry/imr-details/2244","PUBLISHED","Published","","2018","2018","","AMR","Americas","","DOM","Dominican Republic","","36 891","36891.00000","","","","",""
"MALARIA_IRS_COVERAGE","Number of people protected from malaria by indoor residual spraying (IRS)","https://www.who.int/data/gho/indicator-metadata-registry/imr-details/2244","PUBLISHED","Published","","2019","2019","","AMR","Americas","","DOM","Dominican Republic","","33 226","33226.00000","","","","",""
"MALARIA_IRS_COVERAGE","Number of people protected from malaria by indoor residual spraying (IRS)","https://www.who.int/data/gho/indicator-metadata-registry/imr-details/2244","PUBLISHED","Published","","2020","2020","","AMR","Americas","","DOM","Dominican Republic","","37 821","37821.00000","","","","",""
"MALARIA_IRS_COVERAGE","Number of people protected from malaria by indoor residual spraying (IRS)","https://www.who.int/data/gho/indicator-metadata-registry/imr-details/2244","PUBLISHED","Published","","2018","2018","","AMR","Americas","","ECU","Ecuador","","775 884","775884.00000","","","","",""
"MALARIA_IRS_COVERAGE","Number of people protected from malaria by indoor residual spraying (IRS)","https://www.who.int/data/gho/indicator-metadata-registry/imr-details/2244","PUBLISHED","Published","","2019","2019","","AMR","Americas","","ECU","Ecuador","","698 292","698292.00000","","","","",""
"MALARIA_IRS_COVERAGE","Number of people protected from malaria by indoor residual spraying (IRS)","https://www.who.int/data/gho/indicator-metadata-registry/imr-details/2244","PUBLISHED","Published","","2020","2020","","AMR","Americas","","ECU","Ecuador","","17 276","17276.00000","","","","",""
"MALARIA_IRS_COVERAGE","Number of people protected from malaria by indoor residual spraying (IRS)","https://www.who.int/data/gho/indicator-metadata-registry/imr-details/2244","PUBLISHED","Published","","2018","2018","","AMR","Americas","","GTM","Guatemala","","15 358","15358.00000","","","","",""
"MALARIA_IRS_COVERAGE","Number of people protected from malaria by indoor residual spraying (IRS)","https://www.who.int/data/gho/indicator-metadata-registry/imr-details/2244","PUBLISHED","Published","","2019","2019","","AMR","Americas","","GTM","Guatemala","","4 091","4091.00000","","","","",""
"MALARIA_IRS_COVERAGE","Number of people protected from malaria by indoor residual spraying (IRS)","https://www.who.int/data/gho/indicator-metadata-registry/imr-details/2244","PUBLISHED","Published","","2020","2020","","AMR","Americas","","GTM","Guatemala","","12 115","12115.00000","","","","",""
"MALARIA_IRS_COVERAGE","Number of people protected from malaria by indoor residual spraying (IRS)","https://www.who.int/data/gho/indicator-metadata-registry/imr-details/2244","PUBLISHED","Published","","2018","2018","","AMR","Americas","","GUY","Guyana","","","","","","","",""
"MALARIA_IRS_COVERAGE","Number of people protected from malaria by indoor residual spraying (IRS)","https://www.who.int/data/gho/indicator-metadata-registry/imr-details/2244","PUBLISHED","Published","","2019","2019","","AMR","Americas","","GUY","Guyana","","","","","","","",""
"MALARIA_IRS_COVERAGE","Number of people protected from malaria by indoor residual spraying (IRS)","https://www.who.int/data/gho/indicator-metadata-registry/imr-details/2244","PUBLISHED","Published","","2020","2020","","AMR","Americas","","GUY","Guyana","","","","","","","",""
"MALARIA_IRS_COVERAGE","Number of people protected from malaria by indoor residual spraying (IRS)","https://www.who.int/data/gho/indicator-metadata-registry/imr-details/2244","PUBLISHED","Published","","2018","2018","","AMR","Americas","","HND","Honduras","","338 730","338730.00000","","","","",""
"MALARIA_IRS_COVERAGE","Number of people protected from malaria by indoor residual spraying (IRS)","https://www.who.int/data/gho/indicator-metadata-registry/imr-details/2244","PUBLISHED","Published","","2019","2019","","AMR","Americas","","HND","Honduras","","","","","","","",""
"MALARIA_IRS_COVERAGE","Number of people protected from malaria by indoor residual spraying (IRS)","https://www.who.int/data/gho/indicator-metadata-registry/imr-details/2244","PUBLISHED","Published","","2020","2020","","AMR","Americas","","HND","Honduras","","109 404","109404.00000","","","","",""
"MALARIA_IRS_COVERAGE","Number of people protected from malaria by indoor residual spraying (IRS)","https://www.who.int/data/gho/indicator-metadata-registry/imr-details/2244","PUBLISHED","Published","","2018","2018","","AMR","Americas","","HTI","Haiti","","42 130","42130.00000","","","","",""
"MALARIA_IRS_COVERAGE","Number of people protected from malaria by indoor residual spraying (IRS)","https://www.who.int/data/gho/indicator-metadata-registry/imr-details/2244","PUBLISHED","Published","","2019","2019","","AMR","Americas","","HTI","Haiti","","","","","","","",""
"MALARIA_IRS_COVERAGE","Number of people protected from malaria by indoor residual spraying (IRS)","https://www.who.int/data/gho/indicator-metadata-registry/imr-details/2244","PUBLISHED","Published","","2020","2020","","AMR","Americas","","HTI","Haiti","","","","","","","",""
"MALARIA_IRS_COVERAGE","Number of people protected from malaria by indoor residual spraying (IRS)","https://www.who.int/data/gho/indicator-metadata-registry/imr-details/2244","PUBLISHED","Published","","2018","2018","","AMR","Americas","","MEX","Mexico","","85 812","85812.00000","","","","",""
"MALARIA_IRS_COVERAGE","Number of people protected from malaria by indoor residual spraying (IRS)","https://www.who.int/data/gho/indicator-metadata-registry/imr-details/2244","PUBLISHED","Published","","2019","2019","","AMR","Americas","","MEX","Mexico","","83 581","83581.00000","","","","",""
"MALARIA_IRS_COVERAGE","Number of people protected from malaria by indoor residual spraying (IRS)","https://www.who.int/data/gho/indicator-metadata-registry/imr-details/2244","PUBLISHED","Published","","2020","2020","","AMR","Americas","","MEX","Mexico","","72 759","72759.00000","","","","",""
"MALARIA_IRS_COVERAGE","Number of people protected from malaria by indoor residual spraying (IRS)","https://www.who.int/data/gho/indicator-metadata-registry/imr-details/2244","PUBLISHED","Published","","2018","2018","","AMR","Americas","","NIC","Nicaragua","","183 098","183098.00000","","","","",""
"MALARIA_IRS_COVERAGE","Number of people protected from malaria by indoor residual spraying (IRS)","https://www.who.int/data/gho/indicator-metadata-registry/imr-details/2244","PUBLISHED","Published","","2019","2019","","AMR","Americas","","NIC","Nicaragua","","139 795","139795.00000","","","","",""
"MALARIA_IRS_COVERAGE","Number of people protected from malaria by indoor residual spraying (IRS)","https://www.who.int/data/gho/indicator-metadata-registry/imr-details/2244","PUBLISHED","Published","","2020","2020","","AMR","Americas","","NIC","Nicaragua","","226 731","226731.00000","","","","",""
"MALARIA_IRS_COVERAGE","Number of people protected from malaria by indoor residual spraying (IRS)","https://www.who.int/data/gho/indicator-metadata-registry/imr-details/2244","PUBLISHED","Published","","2018","2018","","AMR","Americas","","PAN","Panama","","19 500","19500.00000","","","","",""
"MALARIA_IRS_COVERAGE","Number of people protected from malaria by indoor residual spraying (IRS)","https://www.who.int/data/gho/indicator-metadata-registry/imr-details/2244","PUBLISHED","Published","","2019","2019","","AMR","Americas","","PAN","Panama","","12 806","12806.00000","","","","",""
"MALARIA_IRS_COVERAGE","Number of people protected from malaria by indoor residual spraying (IRS)","https://www.who.int/data/gho/indicator-metadata-registry/imr-details/2244","PUBLISHED","Published","","2020","2020","","AMR","Americas","","PAN","Panama","","12 492","12492.00000","","","","",""
"MALARIA_IRS_COVERAGE","Number of people protected from malaria by indoor residual spraying (IRS)","https://www.who.int/data/gho/indicator-metadata-registry/imr-details/2244","PUBLISHED","Published","","2018","2018","","AMR","Americas","","PER","Peru","","23 420","23420.00000","","","","",""
"MALARIA_IRS_COVERAGE","Number of people protected from malaria by indoor residual spraying (IRS)","https://www.who.int/data/gho/indicator-metadata-registry/imr-details/2244","PUBLISHED","Published","","2019","2019","","AMR","Americas","","PER","Peru","","59 438","59438.00000","","","","",""
"MALARIA_IRS_COVERAGE","Number of people protected from malaria by indoor residual spraying (IRS)","https://www.who.int/data/gho/indicator-metadata-registry/imr-details/2244","PUBLISHED","Published","","2020","2020","","AMR","Americas","","PER","Peru","","","","","","","",""
"MALARIA_IRS_COVERAGE","Number of people protected from malaria by indoor residual spraying (IRS)","https://www.who.int/data/gho/indicator-metadata-registry/imr-details/2244","PUBLISHED","Published","","2018","2018","","AMR","Americas","","PRY","Paraguay","","","","","","","",""
"MALARIA_IRS_COVERAGE","Number of people protected from malaria by indoor residual spraying (IRS)","https://www.who.int/data/gho/indicator-metadata-registry/imr-details/2244","PUBLISHED","Published","","2019","2019","","AMR","Americas","","PRY","Paraguay","","","","","","","",""
"MALARIA_IRS_COVERAGE","Number of people protected from malaria by indoor residual spraying (IRS)","https://www.who.int/data/gho/indicator-metadata-registry/imr-details/2244","PUBLISHED","Published","","2020","2020","","AMR","Americas","","PRY","Paraguay","","","","","","","",""
"MALARIA_IRS_COVERAGE","Number of people protected from malaria by indoor residual spraying (IRS)","https://www.who.int/data/gho/indicator-metadata-registry/imr-details/2244","PUBLISHED","Published","","2018","2018","","AMR","Americas","","SLV","El Salvador","","32 691","32691.00000","","","","",""
"MALARIA_IRS_COVERAGE","Number of people protected from malaria by indoor residual spraying (IRS)","https://www.who.int/data/gho/indicator-metadata-registry/imr-details/2244","PUBLISHED","Published","","2019","2019","","AMR","Americas","","SLV","El Salvador","","23 512","23512.00000","","","","",""
"MALARIA_IRS_COVERAGE","Number of people protected from malaria by indoor residual spraying (IRS)","https://www.who.int/data/gho/indicator-metadata-registry/imr-details/2244","PUBLISHED","Published","","2020","2020","","AMR","Americas","","SLV","El Salvador","","11 370","11370.00000","","","","",""
"MALARIA_IRS_COVERAGE","Number of people protected from malaria by indoor residual spraying (IRS)","https://www.who.int/data/gho/indicator-metadata-registry/imr-details/2244","PUBLISHED","Published","","2018","2018","","AMR","Americas","","SUR","Suriname","","","","","","","",""
"MALARIA_IRS_COVERAGE","Number of people protected from malaria by indoor residual spraying (IRS)","https://www.who.int/data/gho/indicator-metadata-registry/imr-details/2244","PUBLISHED","Published","","2019","2019","","AMR","Americas","","SUR","Suriname","","","","","","","",""
"MALARIA_IRS_COVERAGE","Number of people protected from malaria by indoor residual spraying (IRS)","https://www.who.int/data/gho/indicator-metadata-registry/imr-details/2244","PUBLISHED","Published","","2020","2020","","AMR","Americas","","SUR","Suriname","","","","","","","",""
"MALARIA_IRS_COVERAGE","Number of people protected from malaria by indoor residual spraying (IRS)","https://www.who.int/data/gho/indicator-metadata-registry/imr-details/2244","PUBLISHED","Published","","2018","2018","","AMR","Americas","","VEN","Venezuela (Bolivarian Republic of)","","","","","","","",""
"MALARIA_IRS_COVERAGE","Number of people protected from malaria by indoor residual spraying (IRS)","https://www.who.int/data/gho/indicator-metadata-registry/imr-details/2244","PUBLISHED","Published","","2019","2019","","AMR","Americas","","VEN","Venezuela (Bolivarian Republic of)","","","","","","","",""
"MALARIA_IRS_COVERAGE","Number of people protected from malaria by indoor residual spraying (IRS)","https://www.who.int/data/gho/indicator-metadata-registry/imr-details/2244","PUBLISHED","Published","","2020","2020","","AMR","Americas","","VEN","Venezuela (Bolivarian Republic of)","","","","","","","",""
"MALARIA_IRS_COVERAGE","Number of people protected from malaria by indoor residual spraying (IRS)","https://www.who.int/data/gho/indicator-metadata-registry/imr-details/2244","PUBLISHED","Published","","2018","2018","","EMR","Eastern Mediterranean","","AFG","Afghanistan","","","","","","","",""
"MALARIA_IRS_COVERAGE","Number of people protected from malaria by indoor residual spraying (IRS)","https://www.who.int/data/gho/indicator-metadata-registry/imr-details/2244","PUBLISHED","Published","","2019","2019","","EMR","Eastern Mediterranean","","AFG","Afghanistan","","","","","","","",""
"MALARIA_IRS_COVERAGE","Number of people protected from malaria by indoor residual spraying (IRS)","https://www.who.int/data/gho/indicator-metadata-registry/imr-details/2244","PUBLISHED","Published","","2020","2020","","EMR","Eastern Mediterranean","","AFG","Afghanistan","","","","","","","",""
"MALARIA_IRS_COVERAGE","Number of people protected from malaria by indoor residual spraying (IRS)","https://www.who.int/data/gho/indicator-metadata-registry/imr-details/2244","PUBLISHED","Published","","2018","2018","","EMR","Eastern Mediterranean","","DJI","Djibouti","","","","","","","",""
"MALARIA_IRS_COVERAGE","Number of people protected from malaria by indoor residual spraying (IRS)","https://www.who.int/data/gho/indicator-metadata-registry/imr-details/2244","PUBLISHED","Published","","2019","2019","","EMR","Eastern Mediterranean","","DJI","Djibouti","","37 663","37663.00000","","","","",""
"MALARIA_IRS_COVERAGE","Number of people protected from malaria by indoor residual spraying (IRS)","https://www.who.int/data/gho/indicator-metadata-registry/imr-details/2244","PUBLISHED","Published","","2020","2020","","EMR","Eastern Mediterranean","","DJI","Djibouti","","28 496","28496.00000","","","","",""
"MALARIA_IRS_COVERAGE","Number of people protected from malaria by indoor residual spraying (IRS)","https://www.who.int/data/gho/indicator-metadata-registry/imr-details/2244","PUBLISHED","Published","","2018","2018","","EMR","Eastern Mediterranean","","IRN","Iran (Islamic Republic of)","","117 174","117174.00000","","","","",""
"MALARIA_IRS_COVERAGE","Number of people protected from malaria by indoor residual spraying (IRS)","https://www.who.int/data/gho/indicator-metadata-registry/imr-details/2244","PUBLISHED","Published","","2019","2019","","EMR","Eastern Mediterranean","","IRN","Iran (Islamic Republic of)","","64 365","64365.00000","","","","",""
"MALARIA_IRS_COVERAGE","Number of people protected from malaria by indoor residual spraying (IRS)","https://www.who.int/data/gho/indicator-metadata-registry/imr-details/2244","PUBLISHED","Published","","2020","2020","","EMR","Eastern Mediterranean","","IRN","Iran (Islamic Republic of)","","73 846","73846.00000","","","","",""
"MALARIA_IRS_COVERAGE","Number of people protected from malaria by indoor residual spraying (IRS)","https://www.who.int/data/gho/indicator-metadata-registry/imr-details/2244","PUBLISHED","Published","","2018","2018","","EMR","Eastern Mediterranean","","PAK","Pakistan","","2 937 767","2937767.00000","","","","",""
"MALARIA_IRS_COVERAGE","Number of people protected from malaria by indoor residual spraying (IRS)","https://www.who.int/data/gho/indicator-metadata-registry/imr-details/2244","PUBLISHED","Published","","2019","2019","","EMR","Eastern Mediterranean","","PAK","Pakistan","","1 657 670","1657670.00000","","","","",""
"MALARIA_IRS_COVERAGE","Number of people protected from malaria by indoor residual spraying (IRS)","https://www.who.int/data/gho/indicator-metadata-registry/imr-details/2244","PUBLISHED","Published","","2020","2020","","EMR","Eastern Mediterranean","","PAK","Pakistan","","120 610","120610.00000","","","","",""
"MALARIA_IRS_COVERAGE","Number of people protected from malaria by indoor residual spraying (IRS)","https://www.who.int/data/gho/indicator-metadata-registry/imr-details/2244","PUBLISHED","Published","","2018","2018","","EMR","Eastern Mediterranean","","SAU","Saudi Arabia","","242 009","242009.00000","","","","",""
"MALARIA_IRS_COVERAGE","Number of people protected from malaria by indoor residual spraying (IRS)","https://www.who.int/data/gho/indicator-metadata-registry/imr-details/2244","PUBLISHED","Published","","2019","2019","","EMR","Eastern Mediterranean","","SAU","Saudi Arabia","","225 510","225510.00000","","","","",""
"MALARIA_IRS_COVERAGE","Number of people protected from malaria by indoor residual spraying (IRS)","https://www.who.int/data/gho/indicator-metadata-registry/imr-details/2244","PUBLISHED","Published","","2020","2020","","EMR","Eastern Mediterranean","","SAU","Saudi Arabia","","129 105","129105.00000","","","","",""
"MALARIA_IRS_COVERAGE","Number of people protected from malaria by indoor residual spraying (IRS)","https://www.who.int/data/gho/indicator-metadata-registry/imr-details/2244","PUBLISHED","Published","","2018","2018","","EMR","Eastern Mediterranean","","SDN","Sudan","","3 830 195","3830195.00000","","","","",""
"MALARIA_IRS_COVERAGE","Number of people protected from malaria by indoor residual spraying (IRS)","https://www.who.int/data/gho/indicator-metadata-registry/imr-details/2244","PUBLISHED","Published","","2019","2019","","EMR","Eastern Mediterranean","","SDN","Sudan","","3 886 652","3886652.00000","","","","",""
"MALARIA_IRS_COVERAGE","Number of people protected from malaria by indoor residual spraying (IRS)","https://www.who.int/data/gho/indicator-metadata-registry/imr-details/2244","PUBLISHED","Published","","2020","2020","","EMR","Eastern Mediterranean","","SDN","Sudan","","3 901 092","3901092.00000","","","","",""
"MALARIA_IRS_COVERAGE","Number of people protected from malaria by indoor residual spraying (IRS)","https://www.who.int/data/gho/indicator-metadata-registry/imr-details/2244","PUBLISHED","Published","","2018","2018","","EMR","Eastern Mediterranean","","SOM","Somalia","","2 120 728","2120728.00000","","","","",""
"MALARIA_IRS_COVERAGE","Number of people protected from malaria by indoor residual spraying (IRS)","https://www.who.int/data/gho/indicator-metadata-registry/imr-details/2244","PUBLISHED","Published","","2019","2019","","EMR","Eastern Mediterranean","","SOM","Somalia","","82 720","82720.00000","","","","",""
"MALARIA_IRS_COVERAGE","Number of people protected from malaria by indoor residual spraying (IRS)","https://www.who.int/data/gho/indicator-metadata-registry/imr-details/2244","PUBLISHED","Published","","2020","2020","","EMR","Eastern Mediterranean","","SOM","Somalia","","283 665","283665.00000","","","","",""
"MALARIA_IRS_COVERAGE","Number of people protected from malaria by indoor residual spraying (IRS)","https://www.who.int/data/gho/indicator-metadata-registry/imr-details/2244","PUBLISHED","Published","","2018","2018","","EMR","Eastern Mediterranean","","YEM","Yemen","","995 328","995328.00000","","","","",""
"MALARIA_IRS_COVERAGE","Number of people protected from malaria by indoor residual spraying (IRS)","https://www.who.int/data/gho/indicator-metadata-registry/imr-details/2244","PUBLISHED","Published","","2019","2019","","EMR","Eastern Mediterranean","","YEM","Yemen","","1 982 284","1982284.00000","","","","",""
"MALARIA_IRS_COVERAGE","Number of people protected from malaria by indoor residual spraying (IRS)","https://www.who.int/data/gho/indicator-metadata-registry/imr-details/2244","PUBLISHED","Published","","2020","2020","","EMR","Eastern Mediterranean","","YEM","Yemen","","762 755","762755.00000","","","","",""
"MALARIA_IRS_COVERAGE","Number of people protected from malaria by indoor residual spraying (IRS)","https://www.who.int/data/gho/indicator-metadata-registry/imr-details/2244","PUBLISHED","Published","","2018","2018","","SEAR","South-East Asia","","BGD","Bangladesh","","72 000","72000.00000","","","","",""
"MALARIA_IRS_COVERAGE","Number of people protected from malaria by indoor residual spraying (IRS)","https://www.who.int/data/gho/indicator-metadata-registry/imr-details/2244","PUBLISHED","Published","","2019","2019","","SEAR","South-East Asia","","BGD","Bangladesh","","98 786","98786.00000","","","","",""
"MALARIA_IRS_COVERAGE","Number of people protected from malaria by indoor residual spraying (IRS)","https://www.who.int/data/gho/indicator-metadata-registry/imr-details/2244","PUBLISHED","Published","","2020","2020","","SEAR","South-East Asia","","BGD","Bangladesh","","","","","","","",""
"MALARIA_IRS_COVERAGE","Number of people protected from malaria by indoor residual spraying (IRS)","https://www.who.int/data/gho/indicator-metadata-registry/imr-details/2244","PUBLISHED","Published","","2018","2018","","SEAR","South-East Asia","","BTN","Bhutan","","76 809","76809.00000","","","","",""
"MALARIA_IRS_COVERAGE","Number of people protected from malaria by indoor residual spraying (IRS)","https://www.who.int/data/gho/indicator-metadata-registry/imr-details/2244","PUBLISHED","Published","","2019","2019","","SEAR","South-East Asia","","BTN","Bhutan","","118 730","118730.00000","","","","",""
"MALARIA_IRS_COVERAGE","Number of people protected from malaria by indoor residual spraying (IRS)","https://www.who.int/data/gho/indicator-metadata-registry/imr-details/2244","PUBLISHED","Published","","2020","2020","","SEAR","South-East Asia","","BTN","Bhutan","","122 406","122406.00000","","","","",""
"MALARIA_IRS_COVERAGE","Number of people protected from malaria by indoor residual spraying (IRS)","https://www.who.int/data/gho/indicator-metadata-registry/imr-details/2244","PUBLISHED","Published","","2018","2018","","SEAR","South-East Asia","","IDN","Indonesia","","305 493","305493.00000","","","","",""
"MALARIA_IRS_COVERAGE","Number of people protected from malaria by indoor residual spraying (IRS)","https://www.who.int/data/gho/indicator-metadata-registry/imr-details/2244","PUBLISHED","Published","","2019","2019","","SEAR","South-East Asia","","IDN","Indonesia","","164 192","164192.00000","","","","",""
"MALARIA_IRS_COVERAGE","Number of people protected from malaria by indoor residual spraying (IRS)","https://www.who.int/data/gho/indicator-metadata-registry/imr-details/2244","PUBLISHED","Published","","2020","2020","","SEAR","South-East Asia","","IDN","Indonesia","","38 332","38332.00000","","","","",""
"MALARIA_IRS_COVERAGE","Number of people protected from malaria by indoor residual spraying (IRS)","https://www.who.int/data/gho/indicator-metadata-registry/imr-details/2244","PUBLISHED","Published","","2018","2018","","SEAR","South-East Asia","","IND","India","","34 290 886","34290886.00000","","","","",""
"MALARIA_IRS_COVERAGE","Number of people protected from malaria by indoor residual spraying (IRS)","https://www.who.int/data/gho/indicator-metadata-registry/imr-details/2244","PUBLISHED","Published","","2019","2019","","SEAR","South-East Asia","","IND","India","","30 363 425","30363425.00000","","","","",""
"MALARIA_IRS_COVERAGE","Number of people protected from malaria by indoor residual spraying (IRS)","https://www.who.int/data/gho/indicator-metadata-registry/imr-details/2244","PUBLISHED","Published","","2020","2020","","SEAR","South-East Asia","","IND","India","","23 950 862","23950862.00000","","","","",""
"MALARIA_IRS_COVERAGE","Number of people protected from malaria by indoor residual spraying (IRS)","https://www.who.int/data/gho/indicator-metadata-registry/imr-details/2244","PUBLISHED","Published","","2018","2018","","SEAR","South-East Asia","","MMR","Myanmar","","14 017","14017.00000","","","","",""
"MALARIA_IRS_COVERAGE","Number of people protected from malaria by indoor residual spraying (IRS)","https://www.who.int/data/gho/indicator-metadata-registry/imr-details/2244","PUBLISHED","Published","","2019","2019","","SEAR","South-East Asia","","MMR","Myanmar","","4 361","4361.00000","","","","",""
"MALARIA_IRS_COVERAGE","Number of people protected from malaria by indoor residual spraying (IRS)","https://www.who.int/data/gho/indicator-metadata-registry/imr-details/2244","PUBLISHED","Published","","2020","2020","","SEAR","South-East Asia","","MMR","Myanmar","","17 381","17381.00000","","","","",""
"MALARIA_IRS_COVERAGE","Number of people protected from malaria by indoor residual spraying (IRS)","https://www.who.int/data/gho/indicator-metadata-registry/imr-details/2244","PUBLISHED","Published","","2018","2018","","SEAR","South-East Asia","","NPL","Nepal","","230 000","230000.00000","","","","",""
"MALARIA_IRS_COVERAGE","Number of people protected from malaria by indoor residual spraying (IRS)","https://www.who.int/data/gho/indicator-metadata-registry/imr-details/2244","PUBLISHED","Published","","2019","2019","","SEAR","South-East Asia","","NPL","Nepal","","263 000","263000.00000","","","","",""
"MALARIA_IRS_COVERAGE","Number of people protected from malaria by indoor residual spraying (IRS)","https://www.who.int/data/gho/indicator-metadata-registry/imr-details/2244","PUBLISHED","Published","","2020","2020","","SEAR","South-East Asia","","NPL","Nepal","","41 235","41235.00000","","","","",""
"MALARIA_IRS_COVERAGE","Number of people protected from malaria by indoor residual spraying (IRS)","https://www.who.int/data/gho/indicator-metadata-registry/imr-details/2244","PUBLISHED","Published","","2018","2018","","SEAR","South-East Asia","","PRK","Democratic People's Republic of Korea","","169 841","169841.00000","","","","",""
"MALARIA_IRS_COVERAGE","Number of people protected from malaria by indoor residual spraying (IRS)","https://www.who.int/data/gho/indicator-metadata-registry/imr-details/2244","PUBLISHED","Published","","2019","2019","","SEAR","South-East Asia","","PRK","Democratic People's Republic of Korea","","","","","","","",""
"MALARIA_IRS_COVERAGE","Number of people protected from malaria by indoor residual spraying (IRS)","https://www.who.int/data/gho/indicator-metadata-registry/imr-details/2244","PUBLISHED","Published","","2020","2020","","SEAR","South-East Asia","","PRK","Democratic People's Republic of Korea","","402 861","402861.00000","","","","",""
"MALARIA_IRS_COVERAGE","Number of people protected from malaria by indoor residual spraying (IRS)","https://www.who.int/data/gho/indicator-metadata-registry/imr-details/2244","PUBLISHED","Published","","2018","2018","","SEAR","South-East Asia","","THA","Thailand","","165 580","165580.00000","","","","",""
"MALARIA_IRS_COVERAGE","Number of people protected from malaria by indoor residual spraying (IRS)","https://www.who.int/data/gho/indicator-metadata-registry/imr-details/2244","PUBLISHED","Published","","2019","2019","","SEAR","South-East Asia","","THA","Thailand","","489 105","489105.00000","","","","",""
"MALARIA_IRS_COVERAGE","Number of people protected from malaria by indoor residual spraying (IRS)","https://www.who.int/data/gho/indicator-metadata-registry/imr-details/2244","PUBLISHED","Published","","2020","2020","","SEAR","South-East Asia","","THA","Thailand","","219 162","219162.00000","","","","",""
"MALARIA_IRS_COVERAGE","Number of people protected from malaria by indoor residual spraying (IRS)","https://www.who.int/data/gho/indicator-metadata-registry/imr-details/2244","PUBLISHED","Published","","2018","2018","","SEAR","South-East Asia","","TLS","Timor-Leste","","154 410","154410.00000","","","","",""
"MALARIA_IRS_COVERAGE","Number of people protected from malaria by indoor residual spraying (IRS)","https://www.who.int/data/gho/indicator-metadata-registry/imr-details/2244","PUBLISHED","Published","","2019","2019","","SEAR","South-East Asia","","TLS","Timor-Leste","","175 654","175654.00000","","","","",""
"MALARIA_IRS_COVERAGE","Number of people protected from malaria by indoor residual spraying (IRS)","https://www.who.int/data/gho/indicator-metadata-registry/imr-details/2244","PUBLISHED","Published","","2020","2020","","SEAR","South-East Asia","","TLS","Timor-Leste","","116 949","116949.00000","","","","",""
"MALARIA_IRS_COVERAGE","Number of people protected from malaria by indoor residual spraying (IRS)","https://www.who.int/data/gho/indicator-metadata-registry/imr-details/2244","PUBLISHED","Published","","2018","2018","","WPR","Western Pacific","","CHN","China","","161 224","161224.00000","","","","",""
"MALARIA_IRS_COVERAGE","Number of people protected from malaria by indoor residual spraying (IRS)","https://www.who.int/data/gho/indicator-metadata-registry/imr-details/2244","PUBLISHED","Published","","2019","2019","","WPR","Western Pacific","","CHN","China","","206 599","206599.00000","","","","",""
"MALARIA_IRS_COVERAGE","Number of people protected from malaria by indoor residual spraying (IRS)","https://www.who.int/data/gho/indicator-metadata-registry/imr-details/2244","PUBLISHED","Published","","2020","2020","","WPR","Western Pacific","","CHN","China","","174 619","174619.00000","","","","",""
"MALARIA_IRS_COVERAGE","Number of people protected from malaria by indoor residual spraying (IRS)","https://www.who.int/data/gho/indicator-metadata-registry/imr-details/2244","PUBLISHED","Published","","2018","2018","","WPR","Western Pacific","","KHM","Cambodia","","","","","","","",""
"MALARIA_IRS_COVERAGE","Number of people protected from malaria by indoor residual spraying (IRS)","https://www.who.int/data/gho/indicator-metadata-registry/imr-details/2244","PUBLISHED","Published","","2019","2019","","WPR","Western Pacific","","KHM","Cambodia","","","","","","","",""
"MALARIA_IRS_COVERAGE","Number of people protected from malaria by indoor residual spraying (IRS)","https://www.who.int/data/gho/indicator-metadata-registry/imr-details/2244","PUBLISHED","Published","","2020","2020","","WPR","Western Pacific","","KHM","Cambodia","","","","","","","",""
"MALARIA_IRS_COVERAGE","Number of people protected from malaria by indoor residual spraying (IRS)","https://www.who.int/data/gho/indicator-metadata-registry/imr-details/2244","PUBLISHED","Published","","2018","2018","","WPR","Western Pacific","","KOR","Republic of Korea","","","","","","","",""
"MALARIA_IRS_COVERAGE","Number of people protected from malaria by indoor residual spraying (IRS)","https://www.who.int/data/gho/indicator-metadata-registry/imr-details/2244","PUBLISHED","Published","","2019","2019","","WPR","Western Pacific","","KOR","Republic of Korea","","","","","","","",""
"MALARIA_IRS_COVERAGE","Number of people protected from malaria by indoor residual spraying (IRS)","https://www.who.int/data/gho/indicator-metadata-registry/imr-details/2244","PUBLISHED","Published","","2020","2020","","WPR","Western Pacific","","KOR","Republic of Korea","","","","","","","",""
"MALARIA_IRS_COVERAGE","Number of people protected from malaria by indoor residual spraying (IRS)","https://www.who.int/data/gho/indicator-metadata-registry/imr-details/2244","PUBLISHED","Published","","2018","2018","","WPR","Western Pacific","","LAO","Lao People's Democratic Republic","","2 052","2052.00000","","","","",""
"MALARIA_IRS_COVERAGE","Number of people protected from malaria by indoor residual spraying (IRS)","https://www.who.int/data/gho/indicator-metadata-registry/imr-details/2244","PUBLISHED","Published","","2019","2019","","WPR","Western Pacific","","LAO","Lao People's Democratic Republic","","3 333","3333.00000","","","","",""
"MALARIA_IRS_COVERAGE","Number of people protected from malaria by indoor residual spraying (IRS)","https://www.who.int/data/gho/indicator-metadata-registry/imr-details/2244","PUBLISHED","Published","","2020","2020","","WPR","Western Pacific","","LAO","Lao People's Democratic Republic","","2 333","2333.00000","","","","",""
"MALARIA_IRS_COVERAGE","Number of people protected from malaria by indoor residual spraying (IRS)","https://www.who.int/data/gho/indicator-metadata-registry/imr-details/2244","PUBLISHED","Published","","2018","2018","","WPR","Western Pacific","","MYS","Malaysia","","","","","","","",""
"MALARIA_IRS_COVERAGE","Number of people protected from malaria by indoor residual spraying (IRS)","https://www.who.int/data/gho/indicator-metadata-registry/imr-details/2244","PUBLISHED","Published","","2019","2019","","WPR","Western Pacific","","MYS","Malaysia","","323 208","323208.00000","","","","",""
"MALARIA_IRS_COVERAGE","Number of people protected from malaria by indoor residual spraying (IRS)","https://www.who.int/data/gho/indicator-metadata-registry/imr-details/2244","PUBLISHED","Published","","2020","2020","","WPR","Western Pacific","","MYS","Malaysia","","305 688","305688.00000","","","","",""
"MALARIA_IRS_COVERAGE","Number of people protected from malaria by indoor residual spraying (IRS)","https://www.who.int/data/gho/indicator-metadata-registry/imr-details/2244","PUBLISHED","Published","","2018","2018","","WPR","Western Pacific","","PHL","Philippines","","1 015 672","1015672.00000","","","","",""
"MALARIA_IRS_COVERAGE","Number of people protected from malaria by indoor residual spraying (IRS)","https://www.who.int/data/gho/indicator-metadata-registry/imr-details/2244","PUBLISHED","Published","","2019","2019","","WPR","Western Pacific","","PHL","Philippines","","731 696","731696.00000","","","","",""
"MALARIA_IRS_COVERAGE","Number of people protected from malaria by indoor residual spraying (IRS)","https://www.who.int/data/gho/indicator-metadata-registry/imr-details/2244","PUBLISHED","Published","","2020","2020","","WPR","Western Pacific","","PHL","Philippines","","476 804","476804.00000","","","","",""
"MALARIA_IRS_COVERAGE","Number of people protected from malaria by indoor residual spraying (IRS)","https://www.who.int/data/gho/indicator-metadata-registry/imr-details/2244","PUBLISHED","Published","","2018","2018","","WPR","Western Pacific","","PNG","Papua New Guinea","","","","","","","",""
"MALARIA_IRS_COVERAGE","Number of people protected from malaria by indoor residual spraying (IRS)","https://www.who.int/data/gho/indicator-metadata-registry/imr-details/2244","PUBLISHED","Published","","2019","2019","","WPR","Western Pacific","","PNG","Papua New Guinea","","","","","","","",""
"MALARIA_IRS_COVERAGE","Number of people protected from malaria by indoor residual spraying (IRS)","https://www.who.int/data/gho/indicator-metadata-registry/imr-details/2244","PUBLISHED","Published","","2020","2020","","WPR","Western Pacific","","PNG","Papua New Guinea","","200","200.00000","","","","",""
"MALARIA_IRS_COVERAGE","Number of people protected from malaria by indoor residual spraying (IRS)","https://www.who.int/data/gho/indicator-metadata-registry/imr-details/2244","PUBLISHED","Published","","2018","2018","","WPR","Western Pacific","","SLB","Solomon Islands","","","","","","","",""
"MALARIA_IRS_COVERAGE","Number of people protected from malaria by indoor residual spraying (IRS)","https://www.who.int/data/gho/indicator-metadata-registry/imr-details/2244","PUBLISHED","Published","","2019","2019","","WPR","Western Pacific","","SLB","Solomon Islands","","","","","","","",""
"MALARIA_IRS_COVERAGE","Number of people protected from malaria by indoor residual spraying (IRS)","https://www.who.int/data/gho/indicator-metadata-registry/imr-details/2244","PUBLISHED","Published","","2020","2020","","WPR","Western Pacific","","SLB","Solomon Islands","","","","","","","",""
"MALARIA_IRS_COVERAGE","Number of people protected from malaria by indoor residual spraying (IRS)","https://www.who.int/data/gho/indicator-metadata-registry/imr-details/2244","PUBLISHED","Published","","2018","2018","","WPR","Western Pacific","","VNM","Viet Nam","","319 866","319866.00000","","","","",""
"MALARIA_IRS_COVERAGE","Number of people protected from malaria by indoor residual spraying (IRS)","https://www.who.int/data/gho/indicator-metadata-registry/imr-details/2244","PUBLISHED","Published","","2019","2019","","WPR","Western Pacific","","VNM","Viet Nam","","696 751","696751.00000","","","","",""
"MALARIA_IRS_COVERAGE","Number of people protected from malaria by indoor residual spraying (IRS)","https://www.who.int/data/gho/indicator-metadata-registry/imr-details/2244","PUBLISHED","Published","","2020","2020","","WPR","Western Pacific","","VNM","Viet Nam","","433 405","433405.00000","","","","",""
"MALARIA_IRS_COVERAGE","Number of people protected from malaria by indoor residual spraying (IRS)","https://www.who.int/data/gho/indicator-metadata-registry/imr-details/2244","PUBLISHED","Published","","2018","2018","","WPR","Western Pacific","","VUT","Vanuatu","","","","","","","",""
"MALARIA_IRS_COVERAGE","Number of people protected from malaria by indoor residual spraying (IRS)","https://www.who.int/data/gho/indicator-metadata-registry/imr-details/2244","PUBLISHED","Published","","2019","2019","","WPR","Western Pacific","","VUT","Vanuatu","","","","","","","",""
"MALARIA_IRS_COVERAGE","Number of people protected from malaria by indoor residual spraying (IRS)","https://www.who.int/data/gho/indicator-metadata-registry/imr-details/2244","PUBLISHED","Published","","2020","2020","","WPR","Western Pacific","","VUT","Vanuatu","","","","","","","",""
